Group 1,Group 2,P-adj,Significant,Cohen's d,Effect Size
53-084 (5 mg/ml),"53-084 (0,5 mg/ml)",1.0,False,1.0954451150103321,DUŻY
53-084 (50 mg/ml),"53-084 (0,5 mg/ml)",1.0,False,3.464101615137755,DUŻY
53-182 (50 mg/ml),"53-084 (0,5 mg/ml)",1.0,False,2.857738033247042,DUŻY
53-183 (50 mg/ml),"53-084 (0,5 mg/ml)",1.0,False,1.5851878478024346,DUŻY
55-001 (50 mg/ml),"53-084 (0,5 mg/ml)",1.0,False,-1.6329931618554505,DUŻY
55-009 (50 mg/ml),"53-084 (0,5 mg/ml)",1.0,False,6.350852961085886,DUŻY
55-023 (50 mg/ml),"53-084 (0,5 mg/ml)",1.0,False,0.24618298195866722,mały
55-156 (50 mg/ml),"53-084 (0,5 mg/ml)",1.0,False,0.0,znikomy
55-163 (50 mg/ml),"53-084 (0,5 mg/ml)",1.0,False,0.8164965809277275,DUŻY
55-165 (5 mg/ml),"53-084 (0,5 mg/ml)",1.0,False,0.0,znikomy
55-165 (50 mg/ml),"53-084 (0,5 mg/ml)",1.0,False,13.85640646055102,DUŻY
55-173 (5 mg/ml),"53-084 (0,5 mg/ml)",1.0,False,3.2659863237109055,DUŻY
55-173 (50 mg/ml),"53-084 (0,5 mg/ml)",1.0,False,6.2075223183918835,DUŻY
55-174 (5 mg/ml),"53-084 (0,5 mg/ml)",1.0,False,1.1547005383792537,DUŻY
55-174 (50 mg/ml),"53-084 (0,5 mg/ml)",1.0,False,15.011106998930266,DUŻY
55-176 (50 mg/ml),"53-084 (0,5 mg/ml)",1.0,False,6.92820323027551,DUŻY
55-183 (5 mg/ml),"53-084 (0,5 mg/ml)",1.0,False,-3.4641016151377526,DUŻY
55-183 (50 mg/ml),"53-084 (0,5 mg/ml)",1.0,False,17.962924780409974,DUŻY
56-007 (5 mg/ml),"53-084 (0,5 mg/ml)",1.0,False,1.1547005383792537,DUŻY
56-007 (50 mg/ml),"53-084 (0,5 mg/ml)",1.0,False,13.85640646055102,DUŻY
56-011 (50 mg/ml),"53-084 (0,5 mg/ml)",1.0,False,-2.309401076758502,DUŻY
C1 (100%),"53-084 (0,5 mg/ml)",1.0,False,0.8164965809277275,DUŻY
C2 (100%),"53-084 (0,5 mg/ml)",1.0,False,0.0,znikomy
C3 (100%),"53-084 (0,5 mg/ml)",1.0,False,5.773502691896258,DUŻY
C3 (30%),"53-084 (0,5 mg/ml)",1.0,False,4.6188021535170085,DUŻY
C3 (70%),"53-084 (0,5 mg/ml)",1.0,False,6.572670690061993,DUŻY
C4 (100%),"53-084 (0,5 mg/ml)",1.0,False,-1.7320508075688754,DUŻY
Kontrola (+) Ampycylina,"53-084 (0,5 mg/ml)",1.0,False,17.889977139484614,DUŻY
Kontrola (-) Woda,"53-084 (0,5 mg/ml)",1.0,False,-21.228911104120876,DUŻY
53-084 (50 mg/ml),53-084 (5 mg/ml),1.0,False,1.0954451150103321,DUŻY
53-182 (50 mg/ml),53-084 (5 mg/ml),1.0,False,1.2344267996967357,DUŻY
53-183 (50 mg/ml),53-084 (5 mg/ml),1.0,False,0.8164965809277264,DUŻY
55-001 (50 mg/ml),53-084 (5 mg/ml),1.0,False,-2.0412414523193143,DUŻY
55-009 (50 mg/ml),53-084 (5 mg/ml),1.0,False,2.921186973360887,DUŻY
55-023 (50 mg/ml),53-084 (5 mg/ml),1.0,False,-0.8512565307587474,DUŻY
55-156 (50 mg/ml),53-084 (5 mg/ml),1.0,False,-1.0954451150103321,DUŻY
55-163 (50 mg/ml),53-084 (5 mg/ml),1.0,False,-0.8164965809277253,DUŻY
55-165 (5 mg/ml),53-084 (5 mg/ml),1.0,False,-1.0954451150103321,DUŻY
55-165 (50 mg/ml),53-084 (5 mg/ml),1.0,False,7.668115805072327,DUŻY
55-173 (5 mg/ml),53-084 (5 mg/ml),1.0,False,0.40824829046386374,mały
55-173 (50 mg/ml),53-084 (5 mg/ml),1.0,False,4.041451884327381,DUŻY
55-174 (5 mg/ml),53-084 (5 mg/ml),1.0,False,-0.36514837167010944,mały
55-174 (50 mg/ml),53-084 (5 mg/ml),1.0,False,8.398412548412546,DUŻY
55-176 (50 mg/ml),53-084 (5 mg/ml),1.0,False,3.2863353450309964,DUŻY
55-183 (5 mg/ml),53-084 (5 mg/ml),1.0,False,-3.2863353450309956,DUŻY
55-183 (50 mg/ml),53-084 (5 mg/ml),1.0,False,7.756717518813398,DUŻY
56-007 (5 mg/ml),53-084 (5 mg/ml),1.0,False,-0.36514837167010944,mały
56-007 (50 mg/ml),53-084 (5 mg/ml),1.0,False,7.668115805072327,DUŻY
56-011 (50 mg/ml),53-084 (5 mg/ml),1.0,False,-2.5560386016907746,DUŻY
C1 (100%),53-084 (5 mg/ml),1.0,False,-0.8164965809277253,DUŻY
C2 (100%),53-084 (5 mg/ml),1.0,False,-1.0954451150103321,DUŻY
C3 (100%),53-084 (5 mg/ml),1.0,False,4.185110693297314,DUŻY
C3 (30%),53-084 (5 mg/ml),1.0,False,1.825741858350555,DUŻY
C3 (70%),53-084 (5 mg/ml),1.0,False,4.330127018922193,DUŻY
C4 (100%),53-084 (5 mg/ml),1.0,False,-2.1908902300206634,DUŻY
Kontrola (+) Ampycylina,53-084 (5 mg/ml),1.0,False,15.513435037626795,DUŻY
Kontrola (-) Woda,53-084 (5 mg/ml),1.0,False,-11.839200423452027,DUŻY
53-182 (50 mg/ml),53-084 (50 mg/ml),1.0,False,0.40824829046386374,mały
53-183 (50 mg/ml),53-084 (50 mg/ml),1.0,False,0.22645540682891957,mały
55-001 (50 mg/ml),53-084 (50 mg/ml),1.0,False,-6.5319726474218065,DUŻY
55-009 (50 mg/ml),53-084 (50 mg/ml),1.0,False,2.886751345948131,DUŻY
55-023 (50 mg/ml),53-084 (50 mg/ml),1.0,False,-2.7080128015453186,DUŻY
55-156 (50 mg/ml),53-084 (50 mg/ml),1.0,False,-3.464101615137755,DUŻY
55-163 (50 mg/ml),53-084 (50 mg/ml),1.0,False,-4.082482904638629,DUŻY
55-165 (5 mg/ml),53-084 (50 mg/ml),1.0,False,-3.464101615137755,DUŻY
55-165 (50 mg/ml),53-084 (50 mg/ml),1.0,False,10.392304845413266,DUŻY
55-173 (5 mg/ml),53-084 (50 mg/ml),1.0,False,-1.6329931618554505,DUŻY
55-173 (50 mg/ml),53-084 (50 mg/ml),1.0,False,4.016632088371219,DUŻY
55-174 (5 mg/ml),53-084 (50 mg/ml),1.0,False,-2.309401076758501,DUŻY
55-174 (50 mg/ml),53-084 (50 mg/ml),1.0,False,11.547005383792513,DUŻY
55-176 (50 mg/ml),53-084 (50 mg/ml),1.0,False,3.464101615137755,DUŻY
55-183 (5 mg/ml),53-084 (50 mg/ml),1.0,False,-6.928203230275507,DUŻY
55-183 (50 mg/ml),53-084 (50 mg/ml),1.0,False,13.063945294843618,DUŻY
56-007 (5 mg/ml),53-084 (50 mg/ml),1.0,False,-2.309401076758501,DUŻY
56-007 (50 mg/ml),53-084 (50 mg/ml),1.0,False,10.392304845413266,DUŻY
56-011 (50 mg/ml),53-084 (50 mg/ml),1.0,False,-5.773502691896256,DUŻY
C1 (100%),53-084 (50 mg/ml),1.0,False,-4.082482904638629,DUŻY
C2 (100%),53-084 (50 mg/ml),1.0,False,-3.464101615137755,DUŻY
C3 (100%),53-084 (50 mg/ml),1.0,False,4.041451884327381,DUŻY
C3 (30%),53-084 (50 mg/ml),1.0,False,1.1547005383792537,DUŻY
C3 (70%),53-084 (50 mg/ml),1.0,False,4.381780460041329,DUŻY
C4 (100%),53-084 (50 mg/ml),1.0,False,-5.196152422706629,DUŻY
Kontrola (+) Ampycylina,53-084 (50 mg/ml),1.0,False,16.5312446985111,DUŻY
Kontrola (-) Woda,53-084 (50 mg/ml),1.0,False,-26.127890589687233,DUŻY
53-183 (50 mg/ml),53-182 (50 mg/ml),1.0,False,0.0,znikomy
55-001 (50 mg/ml),53-182 (50 mg/ml),1.0,False,-4.242640687119285,DUŻY
55-009 (50 mg/ml),53-182 (50 mg/ml),1.0,False,1.6329931618554527,DUŻY
55-023 (50 mg/ml),53-182 (50 mg/ml),1.0,False,-2.4351231101124036,DUŻY
55-156 (50 mg/ml),53-182 (50 mg/ml),1.0,False,-2.857738033247042,DUŻY
55-163 (50 mg/ml),53-182 (50 mg/ml),1.0,False,-2.82842712474619,DUŻY
55-165 (5 mg/ml),53-182 (50 mg/ml),1.0,False,-2.857738033247042,DUŻY
55-165 (50 mg/ml),53-182 (50 mg/ml),1.0,False,6.940220937885672,DUŻY
55-173 (5 mg/ml),53-182 (50 mg/ml),1.0,False,-1.414213562373095,DUŻY
55-173 (50 mg/ml),53-182 (50 mg/ml),1.0,False,3.0860669992418384,DUŻY
55-174 (5 mg/ml),53-182 (50 mg/ml),1.0,False,-2.0412414523193143,DUŻY
55-174 (50 mg/ml),53-182 (50 mg/ml),1.0,False,7.756717518813396,DUŻY
55-176 (50 mg/ml),53-182 (50 mg/ml),1.0,False,2.0412414523193143,DUŻY
55-183 (5 mg/ml),53-182 (50 mg/ml),1.0,False,-5.307227776030219,DUŻY
55-183 (50 mg/ml),53-182 (50 mg/ml),1.0,False,7.071067811865475,DUŻY
56-007 (5 mg/ml),53-182 (50 mg/ml),1.0,False,-2.0412414523193143,DUŻY
56-007 (50 mg/ml),53-182 (50 mg/ml),1.0,False,6.940220937885672,DUŻY
56-011 (50 mg/ml),53-182 (50 mg/ml),1.0,False,-4.4907311951024935,DUŻY
C1 (100%),53-182 (50 mg/ml),1.0,False,-2.82842712474619,DUŻY
C2 (100%),53-182 (50 mg/ml),1.0,False,-2.857738033247042,DUŻY
C3 (100%),53-182 (50 mg/ml),1.0,False,3.356585566713095,DUŻY
C3 (30%),53-182 (50 mg/ml),1.0,False,0.40824829046386374,mały
C3 (70%),53-182 (50 mg/ml),1.0,False,3.394673699166021,DUŻY
C4 (100%),53-182 (50 mg/ml),1.0,False,-4.0824829046386295,DUŻY
Kontrola (+) Ampycylina,53-182 (50 mg/ml),1.0,False,15.17893276880822,DUŻY
Kontrola (-) Woda,53-182 (50 mg/ml),1.0,False,-15.556349186104045,DUŻY
55-001 (50 mg/ml),53-183 (50 mg/ml),1.0,False,-2.1213203435596424,DUŻY
55-009 (50 mg/ml),53-183 (50 mg/ml),1.0,False,0.9058216273156771,DUŻY
55-023 (50 mg/ml),53-183 (50 mg/ml),1.0,False,-1.4312528946642684,DUŻY
55-156 (50 mg/ml),53-183 (50 mg/ml),1.0,False,-1.5851878478024346,DUŻY
55-163 (50 mg/ml),53-183 (50 mg/ml),1.0,False,-1.414213562373095,DUŻY
55-165 (5 mg/ml),53-183 (50 mg/ml),1.0,False,-1.5851878478024346,DUŻY
55-165 (50 mg/ml),53-183 (50 mg/ml),1.0,False,3.8497419160916264,DUŻY
55-173 (5 mg/ml),53-183 (50 mg/ml),1.0,False,-0.7071067811865475,średni
55-173 (50 mg/ml),53-183 (50 mg/ml),1.0,False,2.0412414523193156,DUŻY
55-174 (5 mg/ml),53-183 (50 mg/ml),1.0,False,-1.1322770341445954,DUŻY
55-174 (50 mg/ml),53-183 (50 mg/ml),1.0,False,4.302652729749464,DUŻY
55-176 (50 mg/ml),53-183 (50 mg/ml),1.0,False,1.1322770341445954,DUŻY
55-183 (5 mg/ml),53-183 (50 mg/ml),1.0,False,-2.943920288775949,DUŻY
55-183 (50 mg/ml),53-183 (50 mg/ml),1.0,False,3.5355339059327373,DUŻY
56-007 (5 mg/ml),53-183 (50 mg/ml),1.0,False,-1.1322770341445954,DUŻY
56-007 (50 mg/ml),53-183 (50 mg/ml),1.0,False,3.8497419160916264,DUŻY
56-011 (50 mg/ml),53-183 (50 mg/ml),1.0,False,-2.491009475118111,DUŻY
C1 (100%),53-183 (50 mg/ml),1.0,False,-1.414213562373095,DUŻY
C2 (100%),53-183 (50 mg/ml),1.0,False,-1.5851878478024346,DUŻY
C3 (100%),53-183 (50 mg/ml),1.0,False,2.4351231101124045,DUŻY
C3 (30%),53-183 (50 mg/ml),1.0,False,0.22645540682891957,mały
C3 (70%),53-183 (50 mg/ml),1.0,False,2.2453655975512463,DUŻY
C4 (100%),53-183 (50 mg/ml),1.0,False,-2.2645540682891916,DUŻY
Kontrola (+) Ampycylina,53-183 (50 mg/ml),1.0,False,12.0,DUŻY
Kontrola (-) Woda,53-183 (50 mg/ml),1.0,False,-7.7781745930520225,DUŻY
55-009 (50 mg/ml),55-001 (50 mg/ml),1.0,False,10.61445555206044,DUŻY
55-023 (50 mg/ml),55-001 (50 mg/ml),1.0,False,1.5430334996209203,DUŻY
55-156 (50 mg/ml),55-001 (50 mg/ml),1.0,False,1.6329931618554505,DUŻY
55-163 (50 mg/ml),55-001 (50 mg/ml),1.0,False,0.0,znikomy
55-165 (5 mg/ml),55-001 (50 mg/ml),1.0,False,1.6329931618554505,DUŻY
55-165 (50 mg/ml),55-001 (50 mg/ml),0.7528787280698416,False,21.22891110412088,DUŻY
55-173 (5 mg/ml),55-001 (50 mg/ml),1.0,False,0.0,znikomy
55-173 (50 mg/ml),55-001 (50 mg/ml),1.0,False,7.756717518813398,DUŻY
55-174 (5 mg/ml),55-001 (50 mg/ml),1.0,False,3.2659863237109055,DUŻY
55-174 (50 mg/ml),55-001 (50 mg/ml),0.4300933498541027,False,22.861904265976325,DUŻY
55-176 (50 mg/ml),55-001 (50 mg/ml),1.0,False,11.430952132988162,DUŻY
55-183 (5 mg/ml),55-001 (50 mg/ml),1.0,False,-3.2659863237109032,DUŻY
55-183 (50 mg/ml),55-001 (50 mg/ml),1.0,False,0.0,znikomy
56-007 (5 mg/ml),55-001 (50 mg/ml),1.0,False,3.2659863237109055,DUŻY
56-007 (50 mg/ml),55-001 (50 mg/ml),0.7528787280698416,False,21.22891110412088,DUŻY
56-011 (50 mg/ml),55-001 (50 mg/ml),1.0,False,-1.6329931618554527,DUŻY
C1 (100%),55-001 (50 mg/ml),1.0,False,0.0,znikomy
C2 (100%),55-001 (50 mg/ml),1.0,False,1.6329931618554505,DUŻY
C3 (100%),55-001 (50 mg/ml),1.0,False,6.789347398332044,DUŻY
C3 (30%),55-001 (50 mg/ml),1.0,False,8.164965809277263,DUŻY
C3 (70%),55-001 (50 mg/ml),1.0,False,8.164965809277259,DUŻY
C4 (100%),55-001 (50 mg/ml),1.0,False,-0.8164965809277253,DUŻY
Kontrola (+) Ampycylina,55-001 (50 mg/ml),0.19534181606174333,False,19.09188309203678,DUŻY
Kontrola (-) Woda,55-001 (50 mg/ml),1.0,False,0.0,znikomy
55-023 (50 mg/ml),55-009 (50 mg/ml),1.0,False,-5.169842621131975,DUŻY
55-156 (50 mg/ml),55-009 (50 mg/ml),1.0,False,-6.350852961085886,DUŻY
55-163 (50 mg/ml),55-009 (50 mg/ml),1.0,False,-8.164965809277263,DUŻY
55-165 (5 mg/ml),55-009 (50 mg/ml),1.0,False,-6.350852961085886,DUŻY
55-165 (50 mg/ml),55-009 (50 mg/ml),1.0,False,7.505553499465135,DUŻY
55-173 (5 mg/ml),55-009 (50 mg/ml),1.0,False,-5.715476066494084,DUŻY
55-173 (50 mg/ml),55-009 (50 mg/ml),1.0,False,2.1908902300206643,DUŻY
55-174 (5 mg/ml),55-009 (50 mg/ml),1.0,False,-5.196152422706632,DUŻY
55-174 (50 mg/ml),55-009 (50 mg/ml),1.0,False,8.660254037844382,DUŻY
55-176 (50 mg/ml),55-009 (50 mg/ml),1.0,False,0.5773502691896237,średni
55-183 (5 mg/ml),55-009 (50 mg/ml),1.0,False,-9.814954576223638,DUŻY
55-183 (50 mg/ml),55-009 (50 mg/ml),1.0,False,8.981462390204985,DUŻY
56-007 (5 mg/ml),55-009 (50 mg/ml),1.0,False,-5.196152422706632,DUŻY
56-007 (50 mg/ml),55-009 (50 mg/ml),1.0,False,7.505553499465135,DUŻY
56-011 (50 mg/ml),55-009 (50 mg/ml),1.0,False,-8.660254037844387,DUŻY
C1 (100%),55-009 (50 mg/ml),1.0,False,-8.164965809277263,DUŻY
C2 (100%),55-009 (50 mg/ml),1.0,False,-6.350852961085886,DUŻY
C3 (100%),55-009 (50 mg/ml),1.0,False,2.5980762113533156,DUŻY
C3 (30%),55-009 (50 mg/ml),1.0,False,-1.7320508075688774,DUŻY
C3 (70%),55-009 (50 mg/ml),1.0,False,2.5560386016907737,DUŻY
C4 (100%),55-009 (50 mg/ml),1.0,False,-8.08290376865476,DUŻY
Kontrola (+) Ampycylina,55-009 (50 mg/ml),1.0,False,15.398967664366502,DUŻY
Kontrola (-) Woda,55-009 (50 mg/ml),1.0,False,-30.210373494325864,DUŻY
55-156 (50 mg/ml),55-023 (50 mg/ml),1.0,False,-0.24618298195866722,mały
55-163 (50 mg/ml),55-023 (50 mg/ml),1.0,False,0.30860669992418277,mały
55-165 (5 mg/ml),55-023 (50 mg/ml),1.0,False,-0.24618298195866722,mały
55-165 (50 mg/ml),55-023 (50 mg/ml),1.0,False,11.570600152057278,DUŻY
55-173 (5 mg/ml),55-023 (50 mg/ml),1.0,False,2.160246899469286,DUŻY
55-173 (50 mg/ml),55-023 (50 mg/ml),1.0,False,5.6182931030077405,DUŻY
55-174 (5 mg/ml),55-023 (50 mg/ml),1.0,False,0.7385489458759964,średni
55-174 (50 mg/ml),55-023 (50 mg/ml),1.0,False,12.555332079891937,DUŻY
55-176 (50 mg/ml),55-023 (50 mg/ml),1.0,False,5.662208585049305,DUŻY
55-183 (5 mg/ml),55-023 (50 mg/ml),1.0,False,-3.2003787654626517,DUŻY
55-183 (50 mg/ml),55-023 (50 mg/ml),1.0,False,13.270088096739904,DUŻY
56-007 (5 mg/ml),55-023 (50 mg/ml),1.0,False,0.7385489458759964,średni
56-007 (50 mg/ml),55-023 (50 mg/ml),1.0,False,11.570600152057278,DUŻY
56-011 (50 mg/ml),55-023 (50 mg/ml),1.0,False,-2.2156468376279905,DUŻY
C1 (100%),55-023 (50 mg/ml),1.0,False,0.30860669992418277,mały
C2 (100%),55-023 (50 mg/ml),1.0,False,-0.24618298195866722,mały
C3 (100%),55-023 (50 mg/ml),1.0,False,5.382511362870363,DUŻY
C3 (30%),55-023 (50 mg/ml),1.0,False,3.692744729379982,DUŻY
C3 (70%),55-023 (50 mg/ml),1.0,False,5.958795715311239,DUŻY
C4 (100%),55-023 (50 mg/ml),1.0,False,-1.7232808737106589,DUŻY
Kontrola (+) Ampycylina,55-023 (50 mg/ml),1.0,False,17.28513111248386,DUŻY
Kontrola (-) Woda,55-023 (50 mg/ml),1.0,False,-16.356155095981745,DUŻY
55-163 (50 mg/ml),55-156 (50 mg/ml),1.0,False,0.8164965809277275,DUŻY
55-165 (5 mg/ml),55-156 (50 mg/ml),1.0,False,0.0,znikomy
55-165 (50 mg/ml),55-156 (50 mg/ml),1.0,False,13.85640646055102,DUŻY
55-173 (5 mg/ml),55-156 (50 mg/ml),1.0,False,3.2659863237109055,DUŻY
55-173 (50 mg/ml),55-156 (50 mg/ml),1.0,False,6.2075223183918835,DUŻY
55-174 (5 mg/ml),55-156 (50 mg/ml),1.0,False,1.1547005383792537,DUŻY
55-174 (50 mg/ml),55-156 (50 mg/ml),1.0,False,15.011106998930266,DUŻY
55-176 (50 mg/ml),55-156 (50 mg/ml),1.0,False,6.92820323027551,DUŻY
55-183 (5 mg/ml),55-156 (50 mg/ml),1.0,False,-3.4641016151377526,DUŻY
55-183 (50 mg/ml),55-156 (50 mg/ml),1.0,False,17.962924780409974,DUŻY
56-007 (5 mg/ml),55-156 (50 mg/ml),1.0,False,1.1547005383792537,DUŻY
56-007 (50 mg/ml),55-156 (50 mg/ml),1.0,False,13.85640646055102,DUŻY
56-011 (50 mg/ml),55-156 (50 mg/ml),1.0,False,-2.309401076758502,DUŻY
C1 (100%),55-156 (50 mg/ml),1.0,False,0.8164965809277275,DUŻY
C2 (100%),55-156 (50 mg/ml),1.0,False,0.0,znikomy
C3 (100%),55-156 (50 mg/ml),1.0,False,5.773502691896258,DUŻY
C3 (30%),55-156 (50 mg/ml),1.0,False,4.6188021535170085,DUŻY
C3 (70%),55-156 (50 mg/ml),1.0,False,6.572670690061993,DUŻY
C4 (100%),55-156 (50 mg/ml),1.0,False,-1.7320508075688754,DUŻY
Kontrola (+) Ampycylina,55-156 (50 mg/ml),1.0,False,17.889977139484614,DUŻY
Kontrola (-) Woda,55-156 (50 mg/ml),1.0,False,-21.228911104120876,DUŻY
55-165 (5 mg/ml),55-163 (50 mg/ml),1.0,False,-0.8164965809277275,DUŻY
55-165 (50 mg/ml),55-163 (50 mg/ml),1.0,False,18.7794213613377,DUŻY
55-173 (5 mg/ml),55-163 (50 mg/ml),1.0,False,0.0,znikomy
55-173 (50 mg/ml),55-163 (50 mg/ml),1.0,False,6.531972647421809,DUŻY
55-174 (5 mg/ml),55-163 (50 mg/ml),1.0,False,0.8164965809277275,DUŻY
55-174 (50 mg/ml),55-163 (50 mg/ml),1.0,False,20.41241452319315,DUŻY
55-176 (50 mg/ml),55-163 (50 mg/ml),1.0,False,8.981462390204985,DUŻY
55-183 (5 mg/ml),55-163 (50 mg/ml),1.0,False,-5.715476066494081,DUŻY
55-183 (50 mg/ml),55-163 (50 mg/ml),1.0,False,0.0,znikomy
56-007 (5 mg/ml),55-163 (50 mg/ml),1.0,False,0.8164965809277275,DUŻY
56-007 (50 mg/ml),55-163 (50 mg/ml),1.0,False,18.7794213613377,DUŻY
56-011 (50 mg/ml),55-163 (50 mg/ml),1.0,False,-4.082482904638631,DUŻY
C1 (100%),55-163 (50 mg/ml),1.0,False,0.0,znikomy
C2 (100%),55-163 (50 mg/ml),1.0,False,-0.8164965809277275,DUŻY
C3 (100%),55-163 (50 mg/ml),1.0,False,5.863527298559492,DUŻY
C3 (30%),55-163 (50 mg/ml),1.0,False,5.715476066494084,DUŻY
C3 (70%),55-163 (50 mg/ml),1.0,False,6.9402209378856705,DUŻY
C4 (100%),55-163 (50 mg/ml),1.0,False,-3.2659863237109032,DUŻY
Kontrola (+) Ampycylina,55-163 (50 mg/ml),1.0,False,18.384776310850235,DUŻY
Kontrola (-) Woda,55-163 (50 mg/ml),1.0,False,0.0,znikomy
55-165 (50 mg/ml),55-165 (5 mg/ml),1.0,False,13.85640646055102,DUŻY
55-173 (5 mg/ml),55-165 (5 mg/ml),1.0,False,3.2659863237109055,DUŻY
55-173 (50 mg/ml),55-165 (5 mg/ml),1.0,False,6.2075223183918835,DUŻY
55-174 (5 mg/ml),55-165 (5 mg/ml),1.0,False,1.1547005383792537,DUŻY
55-174 (50 mg/ml),55-165 (5 mg/ml),1.0,False,15.011106998930266,DUŻY
55-176 (50 mg/ml),55-165 (5 mg/ml),1.0,False,6.92820323027551,DUŻY
55-183 (5 mg/ml),55-165 (5 mg/ml),1.0,False,-3.4641016151377526,DUŻY
55-183 (50 mg/ml),55-165 (5 mg/ml),1.0,False,17.962924780409974,DUŻY
56-007 (5 mg/ml),55-165 (5 mg/ml),1.0,False,1.1547005383792537,DUŻY
56-007 (50 mg/ml),55-165 (5 mg/ml),1.0,False,13.85640646055102,DUŻY
56-011 (50 mg/ml),55-165 (5 mg/ml),1.0,False,-2.309401076758502,DUŻY
C1 (100%),55-165 (5 mg/ml),1.0,False,0.8164965809277275,DUŻY
C2 (100%),55-165 (5 mg/ml),1.0,False,0.0,znikomy
C3 (100%),55-165 (5 mg/ml),1.0,False,5.773502691896258,DUŻY
C3 (30%),55-165 (5 mg/ml),1.0,False,4.6188021535170085,DUŻY
C3 (70%),55-165 (5 mg/ml),1.0,False,6.572670690061993,DUŻY
C4 (100%),55-165 (5 mg/ml),1.0,False,-1.7320508075688754,DUŻY
Kontrola (+) Ampycylina,55-165 (5 mg/ml),1.0,False,17.889977139484614,DUŻY
Kontrola (-) Woda,55-165 (5 mg/ml),1.0,False,-21.228911104120876,DUŻY
55-173 (5 mg/ml),55-165 (50 mg/ml),1.0,False,-16.329931618554525,DUŻY
55-173 (50 mg/ml),55-165 (50 mg/ml),1.0,False,-2.556038601690776,DUŻY
55-174 (5 mg/ml),55-165 (50 mg/ml),1.0,False,-12.701705922171767,DUŻY
55-174 (50 mg/ml),55-165 (50 mg/ml),1.0,False,1.1547005383792472,DUŻY
55-176 (50 mg/ml),55-165 (50 mg/ml),1.0,False,-6.928203230275511,DUŻY
55-183 (5 mg/ml),55-165 (50 mg/ml),0.1699343765121299,False,-17.32050807568877,DUŻY
55-183 (50 mg/ml),55-165 (50 mg/ml),1.0,False,-1.632993161855455,DUŻY
56-007 (5 mg/ml),55-165 (50 mg/ml),1.0,False,-12.701705922171767,DUŻY
56-007 (50 mg/ml),55-165 (50 mg/ml),1.0,False,0.0,znikomy
56-011 (50 mg/ml),55-165 (50 mg/ml),0.318117913958787,False,-16.165807537309522,DUŻY
C1 (100%),55-165 (50 mg/ml),1.0,False,-18.7794213613377,DUŻY
C2 (100%),55-165 (50 mg/ml),1.0,False,-13.85640646055102,DUŻY
C3 (100%),55-165 (50 mg/ml),1.0,False,-1.154700538379252,DUŻY
C3 (30%),55-165 (50 mg/ml),1.0,False,-9.237604307034012,DUŻY
C3 (70%),55-165 (50 mg/ml),1.0,False,-2.190890230020666,DUŻY
C4 (100%),55-165 (50 mg/ml),0.49190248541197684,False,-15.588457268119894,DUŻY
Kontrola (+) Ampycylina,55-165 (50 mg/ml),1.0,False,12.455047375590553,DUŻY
Kontrola (-) Woda,55-165 (50 mg/ml),0.08229190579506887,False,-40.824829046386306,DUŻY
55-173 (50 mg/ml),55-173 (5 mg/ml),1.0,False,5.30722777603022,DUŻY
55-174 (5 mg/ml),55-173 (5 mg/ml),1.0,False,-1.6329931618554505,DUŻY
55-174 (50 mg/ml),55-173 (5 mg/ml),1.0,False,17.96292478040997,DUŻY
55-176 (50 mg/ml),55-173 (5 mg/ml),1.0,False,6.5319726474218065,DUŻY
55-183 (5 mg/ml),55-173 (5 mg/ml),1.0,False,-8.164965809277259,DUŻY
55-183 (50 mg/ml),55-173 (5 mg/ml),1.0,False,0.0,znikomy
56-007 (5 mg/ml),55-173 (5 mg/ml),1.0,False,-1.6329931618554505,DUŻY
56-007 (50 mg/ml),55-173 (5 mg/ml),1.0,False,16.329931618554525,DUŻY
56-011 (50 mg/ml),55-173 (5 mg/ml),1.0,False,-6.531972647421809,DUŻY
C1 (100%),55-173 (5 mg/ml),1.0,False,0.0,znikomy
C2 (100%),55-173 (5 mg/ml),1.0,False,-3.2659863237109055,DUŻY
C3 (100%),55-173 (5 mg/ml),1.0,False,4.937707198786941,DUŻY
C3 (30%),55-173 (5 mg/ml),1.0,False,3.2659863237109055,DUŻY
C3 (70%),55-173 (5 mg/ml),1.0,False,5.715476066494081,DUŻY
C4 (100%),55-173 (5 mg/ml),1.0,False,-5.715476066494081,DUŻY
Kontrola (+) Ampycylina,55-173 (5 mg/ml),1.0,False,17.677669529663685,DUŻY
Kontrola (-) Woda,55-173 (5 mg/ml),1.0,False,0.0,znikomy
55-174 (5 mg/ml),55-173 (50 mg/ml),1.0,False,-5.477225575051661,DUŻY
55-174 (50 mg/ml),55-173 (50 mg/ml),1.0,False,3.2863353450309947,DUŻY
55-176 (50 mg/ml),55-173 (50 mg/ml),1.0,False,-1.825741858350555,DUŻY
55-183 (5 mg/ml),55-173 (50 mg/ml),1.0,False,-8.398412548412548,DUŻY
55-183 (50 mg/ml),55-173 (50 mg/ml),1.0,False,2.0412414523193143,DUŻY
56-007 (5 mg/ml),55-173 (50 mg/ml),1.0,False,-5.477225575051661,DUŻY
56-007 (50 mg/ml),55-173 (50 mg/ml),1.0,False,2.556038601690776,DUŻY
56-011 (50 mg/ml),55-173 (50 mg/ml),1.0,False,-7.668115805072326,DUŻY
C1 (100%),55-173 (50 mg/ml),1.0,False,-6.531972647421809,DUŻY
C2 (100%),55-173 (50 mg/ml),1.0,False,-6.2075223183918835,DUŻY
C3 (100%),55-173 (50 mg/ml),1.0,False,0.7385489458759963,średni
C3 (30%),55-173 (50 mg/ml),1.0,False,-3.2863353450309964,DUŻY
C3 (70%),55-173 (50 mg/ml),1.0,False,0.2886751345948118,mały
C4 (100%),55-173 (50 mg/ml),1.0,False,-7.302967433402215,DUŻY
Kontrola (+) Ampycylina,55-173 (50 mg/ml),1.0,False,12.655697004379752,DUŻY
Kontrola (-) Woda,55-173 (50 mg/ml),0.5617623184463747,False,-17.55467648994611,DUŻY
55-174 (50 mg/ml),55-174 (5 mg/ml),1.0,False,13.856406460551014,DUŻY
55-176 (50 mg/ml),55-174 (5 mg/ml),1.0,False,5.7735026918962555,DUŻY
55-183 (5 mg/ml),55-174 (5 mg/ml),1.0,False,-4.618802153517006,DUŻY
55-183 (50 mg/ml),55-174 (5 mg/ml),1.0,False,16.329931618554518,DUŻY
56-007 (5 mg/ml),55-174 (5 mg/ml),1.0,False,0.0,znikomy
56-007 (50 mg/ml),55-174 (5 mg/ml),1.0,False,12.701705922171767,DUŻY
56-011 (50 mg/ml),55-174 (5 mg/ml),1.0,False,-3.4641016151377557,DUŻY
C1 (100%),55-174 (5 mg/ml),1.0,False,-0.8164965809277275,DUŻY
C2 (100%),55-174 (5 mg/ml),1.0,False,-1.1547005383792537,DUŻY
C3 (100%),55-174 (5 mg/ml),1.0,False,5.196152422706631,DUŻY
C3 (30%),55-174 (5 mg/ml),1.0,False,3.464101615137755,DUŻY
C3 (70%),55-174 (5 mg/ml),1.0,False,5.842373946721771,DUŻY
C4 (100%),55-174 (5 mg/ml),1.0,False,-2.886751345948129,DUŻY
Kontrola (+) Ampycylina,55-174 (5 mg/ml),1.0,False,17.437066325826773,DUŻY
Kontrola (-) Woda,55-174 (5 mg/ml),1.0,False,-22.86190426597633,DUŻY
55-176 (50 mg/ml),55-174 (50 mg/ml),1.0,False,-8.08290376865476,DUŻY
55-183 (5 mg/ml),55-174 (50 mg/ml),0.08995275748445655,False,-18.475208614068016,DUŻY
55-183 (50 mg/ml),55-174 (50 mg/ml),1.0,False,-3.265986323710901,DUŻY
56-007 (5 mg/ml),55-174 (50 mg/ml),1.0,False,-13.856406460551014,DUŻY
56-007 (50 mg/ml),55-174 (50 mg/ml),1.0,False,-1.1547005383792472,DUŻY
56-011 (50 mg/ml),55-174 (50 mg/ml),0.17426637042496884,False,-17.32050807568877,DUŻY
C1 (100%),55-174 (50 mg/ml),1.0,False,-20.41241452319315,DUŻY
C2 (100%),55-174 (50 mg/ml),1.0,False,-15.011106998930266,DUŻY
C3 (100%),55-174 (50 mg/ml),1.0,False,-1.7320508075688754,DUŻY
C3 (30%),55-174 (50 mg/ml),1.0,False,-10.392304845413259,DUŻY
C3 (70%),55-174 (50 mg/ml),1.0,False,-2.9211869733608853,DUŻY
C4 (100%),55-174 (50 mg/ml),0.276173939284552,False,-16.74315780649914,DUŻY
Kontrola (+) Ampycylina,55-174 (50 mg/ml),1.0,False,12.002136561932716,DUŻY
Kontrola (-) Woda,55-174 (50 mg/ml),0.0422828664498526,True,-42.45782220824175,DUŻY
55-183 (5 mg/ml),55-176 (50 mg/ml),1.0,False,-10.39230484541326,DUŻY
55-183 (50 mg/ml),55-176 (50 mg/ml),1.0,False,8.164965809277263,DUŻY
56-007 (5 mg/ml),55-176 (50 mg/ml),1.0,False,-5.7735026918962555,DUŻY
56-007 (50 mg/ml),55-176 (50 mg/ml),1.0,False,6.928203230275511,DUŻY
56-011 (50 mg/ml),55-176 (50 mg/ml),1.0,False,-9.23760430703401,DUŻY
C1 (100%),55-176 (50 mg/ml),1.0,False,-8.981462390204985,DUŻY
C2 (100%),55-176 (50 mg/ml),1.0,False,-6.92820323027551,DUŻY
C3 (100%),55-176 (50 mg/ml),1.0,False,2.309401076758504,DUŻY
C3 (30%),55-176 (50 mg/ml),1.0,False,-2.309401076758501,DUŻY
C3 (70%),55-176 (50 mg/ml),1.0,False,2.1908902300206643,DUŻY
C4 (100%),55-176 (50 mg/ml),1.0,False,-8.660254037844384,DUŻY
Kontrola (+) Ampycylina,55-176 (50 mg/ml),1.0,False,15.172512257537585,DUŻY
Kontrola (-) Woda,55-176 (50 mg/ml),1.0,False,-31.026870075253587,DUŻY
55-183 (50 mg/ml),55-183 (5 mg/ml),0.354820425866602,False,22.861904265976325,DUŻY
56-007 (5 mg/ml),55-183 (5 mg/ml),1.0,False,4.618802153517006,DUŻY
56-007 (50 mg/ml),55-183 (5 mg/ml),0.1699343765121299,False,17.32050807568877,DUŻY
56-011 (50 mg/ml),55-183 (5 mg/ml),1.0,False,1.1547005383792504,DUŻY
C1 (100%),55-183 (5 mg/ml),1.0,False,5.715476066494081,DUŻY
C2 (100%),55-183 (5 mg/ml),1.0,False,3.4641016151377526,DUŻY
C3 (100%),55-183 (5 mg/ml),0.4796180789408471,False,7.505553499465135,DUŻY
C3 (30%),55-183 (5 mg/ml),1.0,False,8.08290376865476,DUŻY
C3 (70%),55-183 (5 mg/ml),0.790278045939906,False,8.763560920082657,DUŻY
C4 (100%),55-183 (5 mg/ml),1.0,False,1.732050807568877,DUŻY
Kontrola (+) Ampycylina,55-183 (5 mg/ml),0.03718903070686357,True,19.24870958045813,DUŻY
Kontrola (-) Woda,55-183 (5 mg/ml),1.0,False,-16.32993161855452,DUŻY
56-007 (5 mg/ml),55-183 (50 mg/ml),1.0,False,-16.329931618554518,DUŻY
56-007 (50 mg/ml),55-183 (50 mg/ml),1.0,False,1.632993161855455,DUŻY
56-011 (50 mg/ml),55-183 (50 mg/ml),0.6421582872503939,False,-21.22891110412088,DUŻY
C1 (100%),55-183 (50 mg/ml),1.0,False,0.0,znikomy
C2 (100%),55-183 (50 mg/ml),1.0,False,-17.962924780409974,DUŻY
C3 (100%),55-183 (50 mg/ml),1.0,False,-0.617213399848367,średni
C3 (30%),55-183 (50 mg/ml),1.0,False,-11.430952132988162,DUŻY
C3 (70%),55-183 (50 mg/ml),1.0,False,-1.6329931618554527,DUŻY
C4 (100%),55-183 (50 mg/ml),0.9712988858427736,False,-20.41241452319315,DUŻY
Kontrola (+) Ampycylina,55-183 (50 mg/ml),1.0,False,13.435028842544401,DUŻY
Kontrola (-) Woda,55-183 (50 mg/ml),0.17911679117067128,False,0.0,znikomy
56-007 (50 mg/ml),56-007 (5 mg/ml),1.0,False,12.701705922171767,DUŻY
56-011 (50 mg/ml),56-007 (5 mg/ml),1.0,False,-3.4641016151377557,DUŻY
C1 (100%),56-007 (5 mg/ml),1.0,False,-0.8164965809277275,DUŻY
C2 (100%),56-007 (5 mg/ml),1.0,False,-1.1547005383792537,DUŻY
C3 (100%),56-007 (5 mg/ml),1.0,False,5.196152422706631,DUŻY
C3 (30%),56-007 (5 mg/ml),1.0,False,3.464101615137755,DUŻY
C3 (70%),56-007 (5 mg/ml),1.0,False,5.842373946721771,DUŻY
C4 (100%),56-007 (5 mg/ml),1.0,False,-2.886751345948129,DUŻY
Kontrola (+) Ampycylina,56-007 (5 mg/ml),1.0,False,17.437066325826773,DUŻY
Kontrola (-) Woda,56-007 (5 mg/ml),1.0,False,-22.86190426597633,DUŻY
56-011 (50 mg/ml),56-007 (50 mg/ml),0.318117913958787,False,-16.165807537309522,DUŻY
C1 (100%),56-007 (50 mg/ml),1.0,False,-18.7794213613377,DUŻY
C2 (100%),56-007 (50 mg/ml),1.0,False,-13.85640646055102,DUŻY
C3 (100%),56-007 (50 mg/ml),1.0,False,-1.154700538379252,DUŻY
C3 (30%),56-007 (50 mg/ml),1.0,False,-9.237604307034012,DUŻY
C3 (70%),56-007 (50 mg/ml),1.0,False,-2.190890230020666,DUŻY
C4 (100%),56-007 (50 mg/ml),0.49190248541197684,False,-15.588457268119894,DUŻY
Kontrola (+) Ampycylina,56-007 (50 mg/ml),1.0,False,12.455047375590553,DUŻY
Kontrola (-) Woda,56-007 (50 mg/ml),0.08229190579506887,False,-40.824829046386306,DUŻY
C1 (100%),56-011 (50 mg/ml),1.0,False,4.082482904638631,DUŻY
C2 (100%),56-011 (50 mg/ml),1.0,False,2.309401076758502,DUŻY
C3 (100%),56-011 (50 mg/ml),0.8536760622022054,False,6.928203230275508,DUŻY
C3 (30%),56-011 (50 mg/ml),1.0,False,6.92820323027551,DUŻY
C3 (70%),56-011 (50 mg/ml),1.0,False,8.033264176742435,DUŻY
C4 (100%),56-011 (50 mg/ml),1.0,False,0.5773502691896267,średni
Kontrola (+) Ampycylina,56-011 (50 mg/ml),0.07506814884890246,False,18.795798766800292,DUŻY
Kontrola (-) Woda,56-011 (50 mg/ml),1.0,False,-17.96292478040997,DUŻY
C2 (100%),C1 (100%),1.0,False,-0.8164965809277275,DUŻY
C3 (100%),C1 (100%),1.0,False,5.863527298559492,DUŻY
C3 (30%),C1 (100%),1.0,False,5.715476066494084,DUŻY
C3 (70%),C1 (100%),1.0,False,6.9402209378856705,DUŻY
C4 (100%),C1 (100%),1.0,False,-3.2659863237109032,DUŻY
Kontrola (+) Ampycylina,C1 (100%),1.0,False,18.384776310850235,DUŻY
Kontrola (-) Woda,C1 (100%),1.0,False,0.0,znikomy
C3 (100%),C2 (100%),1.0,False,5.773502691896258,DUŻY
C3 (30%),C2 (100%),1.0,False,4.6188021535170085,DUŻY
C3 (70%),C2 (100%),1.0,False,6.572670690061993,DUŻY
C4 (100%),C2 (100%),1.0,False,-1.7320508075688754,DUŻY
Kontrola (+) Ampycylina,C2 (100%),1.0,False,17.889977139484614,DUŻY
Kontrola (-) Woda,C2 (100%),1.0,False,-21.228911104120876,DUŻY
C3 (30%),C3 (100%),1.0,False,-3.464101615137754,DUŻY
C3 (70%),C3 (100%),1.0,False,-0.49236596391733173,mały
C4 (100%),C3 (100%),1.0,False,-6.639528095680696,DUŻY
Kontrola (+) Ampycylina,C3 (100%),1.0,False,11.051712576663988,DUŻY
Kontrola (-) Woda,C3 (100%),0.24649320406431438,False,-14.195908196512455,DUŻY
C3 (70%),C3 (30%),1.0,False,3.651483716701106,DUŻY
C4 (100%),C3 (30%),1.0,False,-6.3508529610858835,DUŻY
Kontrola (+) Ampycylina,C3 (30%),1.0,False,16.078333884853258,DUŻY
Kontrola (-) Woda,C3 (30%),1.0,False,-27.760883751542686,DUŻY
C4 (100%),C3 (70%),1.0,False,-7.668115805072325,DUŻY
Kontrola (+) Ampycylina,C3 (70%),1.0,False,12.451572859147824,DUŻY
Kontrola (-) Woda,C3 (70%),0.4192254355833995,False,-17.96292478040997,DUŻY
Kontrola (+) Ampycylina,C4 (100%),0.12215986396145137,False,18.56934335997137,DUŻY
Kontrola (-) Woda,C4 (100%),1.0,False,-18.7794213613377,DUŻY
Kontrola (-) Woda,Kontrola (+) Ampycylina,0.01668226662913858,True,-24.74873734152916,DUŻY
